claim_id,public_claim,classification,evidence_id,evidence_path,status,caveat,source_revision
C-001,"Flowplane implements governed mapping management from versioned draft through rollout and rollback","private source and test inspection","governance-controls","docs/governance-and-security.md","SOURCE_INSPECTED","Public repository excludes production source; statement traces to inspected source and tests","10a26df4d7ed6a41f8076a5d7280d73db543c13a"
C-002,"Production transformations are designed to execute in separately deployed data-plane runtimes","architecture and private source inspection","runtime-boundary","docs/architecture.md","SOURCE_INSPECTED","Deployment ownership is environment-specific; explicit replay or retention features can widen the boundary when enabled","10a26df4d7ed6a41f8076a5d7280d73db543c13a"
C-003,"Native modules exist for Spring, Kafka Connect, Kafka Streams, and Flink; preserved local qualification varies by row","implementation and local execution","native-runtime-matrix","docs/runtime-portability.md","MEASURED_NOT_QUALIFIED","Kafka Connect and the focused Flink bundle lack broker-derived final-lag rows; module presence is not vendor certification","10a26df4d7ed6a41f8076a5d7280d73db543c13a"
C-004,"A 30-minute Kafka/Flink soak accounted for 1,080,001 inputs with final lag zero","live local evidence","kafka-soak-20260711","evidence/kafka-soak/summary.md","LIVE_LOCAL_VERIFIED","102,400-byte local Docker workload with 1% intentional failures","10a26df4d7ed6a41f8076a5d7280d73db543c13a"
C-005,"The 1 MiB core workload measured 503.620 microseconds mean and 1300.480 microseconds p99","controlled benchmark","core-1m-20260717","evidence/core-engine/summary.md","MEASURED_NOT_QUALIFIED","Benchmark completed; 9/12 repeatability checks met and three mean-spread checks exceeded tolerance","10a26df4d7ed6a41f8076a5d7280d73db543c13a"
C-006,"The frozen scaling workload measured 0.473 to 19.387 milliseconds from 1 to 64 MiB","controlled benchmark","payload-scaling-20260718","evidence/payload-scaling/summary.md","MEASURED","Grown field was unreferenced and normalized output stayed fixed","10a26df4d7ed6a41f8076a5d7280d73db543c13a"
C-007,"Fixed valid output was byte-identical across five runtime contract modes","contract test","runtime-parity-20260712","evidence/runtime-parity/summary.md","CONTRACT_VERIFIED","gRPC result is in-process contract parity, not a live service proof","10a26df4d7ed6a41f8076a5d7280d73db543c13a"
C-008,"A preserved historical live gRPC service attempt returned UNIMPLEMENTED","historical live integration attempt","grpc-live-attempt","evidence/historical-attempts/grpc-live-service.md","PRESERVED_FAILURE","Superseded as the latest status by successful live gRPC batch and streaming runs from a newer sidecar build","10a26df4d7ed6a41f8076a5d7280d73db543c13a"
C-009,"A preserved historical HTTP single-record run completed 59,600 of 60,000 records","historical live integration attempt","http-single-60000","evidence/historical-attempts/http-single-60000.md","INCOMPLETE","The older workload remains incomplete; newer 110-record and 10,000-record runs passed","10a26df4d7ed6a41f8076a5d7280d73db543c13a"
C-010,"Runtime credentials are returned once, stored as hashes, and exchanged for short-lived tokens","private source and test inspection","runtime-credentials","docs/governance-and-security.md","SOURCE_INSPECTED","Not an independent security certification","10a26df4d7ed6a41f8076a5d7280d73db543c13a"
C-011,"Twenty-two streaming and ecosystem integrations each completed a 100-valid and 10-invalid local proof with exact accounting","live local integration evidence","streaming-tool-matrix-20260720","evidence/integration-proofs/EVIDENCE-OVERVIEW.md","LIVE_LOCAL_VERIFIED","Focused local Docker interoperability only; not vendor certification or a stability claim","10a26df4d7ed6a41f8076a5d7280d73db543c13a"
C-012,"Embedded Spring, HTTP single, HTTP batch, gRPC batch, gRPC streaming, and AWS/Azure/GCP HTTP wrappers each completed a live local baseline proof","live local runtime evidence","runtime-surface-matrix-20260721","evidence/integration-proofs/EVIDENCE-OVERVIEW.md","LIVE_LOCAL_VERIFIED","Applies to the preserved runtime builds, fixtures, and local Docker boundaries","10a26df4d7ed6a41f8076a5d7280d73db543c13a"
C-013,"Five core JVM HTTP and gRPC surfaces each processed 10000 records over at least five minutes with exact accounting and healthy observations","live local stability evidence","core-surface-soaks-20260721","evidence/integration-proofs/EVIDENCE-OVERVIEW.md","LIVE_LOCAL_VERIFIED","Five-minute local stability qualification only; not a universal throughput or production durability claim","10a26df4d7ed6a41f8076a5d7280d73db543c13a"
C-014,"Azure Queue Azure Event Hub and GCP Pub/Sub CloudEvent handlers each produced 100 exact outputs and 10 contract-valid DLQ results from local provider inputs","local emulator trigger evidence","provider-triggers-20260721","evidence/integration-proofs/EVIDENCE-OVERVIEW.md","LIVE_LOCAL_VERIFIED","Local emulator qualification; GCP includes an envelope-only Eventarc substitute; not managed-cloud certification","10a26df4d7ed6a41f8076a5d7280d73db543c13a"
C-015,"A live HTTP pipeline produced exactly 500000 runtime-derived outputs from 500000 102400-byte inputs through the 1000-field mapping with zero DLQ and final lag zero","live local runtime accounting and write-boundary evidence","hard-http-20260731-0805","evidence/runtime-performance-100kb-1000-fields/runs/http-500k/summary.md","LIVE_LOCAL_VERIFIED","Local Docker topology used Redpanda Connect as an HTTP bridge; captured Flowplane source had a disclosed dirty worktree","107d4b18d76c2ef5db5578be0f74c315200ee265"
C-016,"The documented live HTTP topology measured 186.767 records per second with transform-only p50 0.523 ms and Kafka-to-output p50 14 ms","live multi-process runtime measurement","hard-http-20260731-0805","evidence/runtime-performance-100kb-1000-fields/runs/http-500k/summary.md","MEASURED","No performance threshold; whole-stack allocation is incomplete and the result applies only to the documented topology and fixture","107d4b18d76c2ef5db5578be0f74c315200ee265"
C-017,"A live bidirectional gRPC runtime returned exactly 500000 responses with 500000 OK outcomes zero DLQ zero failures and no downstream insertion","live local runtime accounting and write-boundary evidence","grpc-20260730-2317","evidence/runtime-performance-100kb-1000-fields/runs/grpc-stream-500k/summary.md","LIVE_LOCAL_VERIFIED","Direct gRPC client/runtime boundary; Kafka and Redpanda Connect were not part of this path","107d4b18d76c2ef5db5578be0f74c315200ee265"
C-018,"The documented gRPC configuration measured 1314.523 records per second with transform-only p50 0.4646 ms and send-to-response p50 262.786 ms","live multi-process runtime measurement","grpc-20260730-2317","evidence/runtime-performance-100kb-1000-fields/runs/grpc-stream-500k/summary.md","MEASURED","Sixteen streams and batches of ten; every record shares batch latency; not directly comparable to the Kafka/HTTP topology","107d4b18d76c2ef5db5578be0f74c315200ee265"
C-019,"The mapping-specific custom Java counterfactual matched Flowplane byte-for-byte for all 100 valid variants and six policy/error cases","mapping-specific contract parity","custom-java-parity-20260731","evidence/runtime-performance-100kb-1000-fields/runs/custom-java-500k/summary.md","CONTRACT_VERIFIED","Applies only to the published synthetic mapping and preserved comparison implementation; it is not a zero-copy product comparison","107d4b18d76c2ef5db5578be0f74c315200ee265"
C-020,"Flowplane HTTP measured 24.46 percent higher publisher throughput than mapping-specific custom Java in the two preserved 500000-record campaigns","observational counterfactual measurement","hard-http-vs-custom-java-20260731","evidence/runtime-performance-100kb-1000-fields/comparisons/http-vs-custom-java.md","MEASURED","One run per implementation and different topologies; allocation and transform boundaries do not support a universal winner claim","107d4b18d76c2ef5db5578be0f74c315200ee265"
C-021,"Changing native HTTP batch size from 10 to 50 did not increase throughput and coincided with higher Kafka-to-output tail latency in the preserved observations","controlled single-variable exploratory measurement","http-batch-10-vs-50-20260731","evidence/runtime-performance-100kb-1000-fields/comparisons/batch-10-vs-50.md","MEASURED","One observation per batch size; not a statistically qualified tuning recommendation","107d4b18d76c2ef5db5578be0f74c315200ee265"
